{
  "vanillatweaks:villager_death": {
    "criteria": {
      "tick": "2020-11-15 11:30:20 +0200"
    },
    "done": true
  },
  "vanillatweaks:timber": {
    "criteria": {
      "tick": "2020-11-15 11:30:20 +0200"
    },
    "done": true
  },
  "vanillatweaks:anti_enderman_grief": {
    "criteria": {
      "tick": "2020-11-15 11:30:20 +0200"
    },
    "done": true
  },
  "vanillatweaks:cauldron_concrete": {
    "criteria": {
      "tick": "2020-11-15 11:30:20 +0200"
    },
    "done": true
  },
  "vanillatweaks:graves": {
    "criteria": {
      "tick": "2020-11-15 11:30:20 +0200"
    },
    "done": true
  },
  "vanillatweaks:multiplayer_sleep": {
    "criteria": {
      "tick": "2020-11-15 11:30:20 +0200"
    },
    "done": true
  },
  "vanillatweaks:fast_leaf_decay": {
    "criteria": {
      "tick": "2020-11-15 11:30:20 +0200"
    },
    "done": true
  },
  "vanillatweaks:double_shulker_shells": {
    "criteria": {
      "tick": "2020-11-15 11:30:20 +0200"
    },
    "done": true
  },
  "vanillatweaks:homes": {
    "criteria": {
      "tick": "2020-11-15 11:30:20 +0200"
    },
    "done": true
  },
  "vanillatweaks:player_head_drops": {
    "criteria": {
      "tick": "2020-11-15 11:30:20 +0200"
    },
    "done": true
  },
  "vanillatweaks:back": {
    "criteria": {
      "tick": "2020-11-15 11:30:20 +0200"
    },
    "done": true
  },
  "minecraft:adventure/adventuring_time": {
    "criteria": {
      "minecraft:plains": "2020-11-15 11:29:44 +0200"
    },
    "done": false
  },
  "vanillatweaks:spawn": {
    "criteria": {
      "tick": "2020-11-15 11:30:20 +0200"
    },
    "done": true
  },
  "armor_statues:enable": {
    "criteria": {
      "tick": "2020-11-15 11:30:20 +0200"
    },
    "done": true
  },
  "vanillatweaks:terracotta_wrench": {
    "criteria": {
      "tick": "2020-11-15 11:30:20 +0200"
    },
    "done": true
  },
  "vanillatweaks:root": {
    "criteria": {
      "tick": "2020-11-15 11:30:20 +0200"
    },
    "done": true
  },
  "vanillatweaks:custom_nether_portals": {
    "criteria": {
      "tick": "2020-11-15 11:30:20 +0200"
    },
    "done": true
  },
  "vanillatweaks:anti_ghast_grief": {
    "criteria": {
      "tick": "2020-11-15 11:30:20 +0200"
    },
    "done": true
  },
  "vanillatweaks:coordinates_hud": {
    "criteria": {
      "tick": "2020-11-15 11:30:20 +0200"
    },
    "done": true
  },
  "vanillatweaks:afk_display": {
    "criteria": {
      "tick": "2020-11-15 11:30:20 +0200"
    },
    "done": true
  },
  "vanillatweaks:anti_creeper_grief": {
    "criteria": {
      "tick": "2020-11-15 11:30:20 +0200"
    },
    "done": true
  },
  "vanillatweaks:tpa": {
    "criteria": {
      "tick": "2020-11-15 11:30:20 +0200"
    },
    "done": true
  },
  "vanillatweaks:armor_statues": {
    "criteria": {
      "tick": "2020-11-15 11:30:20 +0200"
    },
    "done": true
  },
  "vanillatweaks:silence_mobs": {
    "criteria": {
      "tick": "2020-11-15 11:30:20 +0200"
    },
    "done": true
  },
  "vanillatweaks:more_mob_heads": {
    "criteria": {
      "tick": "2020-11-15 11:30:20 +0200"
    },
    "done": true
  },
  "vanillatweaks:redstone_wrench": {
    "criteria": {
      "tick": "2020-11-15 11:30:20 +0200"
    },
    "done": true
  },
  "DataVersion": 2584
}